e498f99c-8cbb-4ff2-bb46-521f52eae9a4	Brazil Alta Mogiana 17/18	t			
csrc_e6cac7ee284067a7	Brazil Mogiana	t			Brazil
csrc_5de796c028876030	Brazil Mogiana 15/16	t			Brazil
csrc_d7988f5e334bbb0f	Brazil Mogiana 15/17	t			Brazil
csrc_81f73985aac71db7	Brazil Mogiana 17/18	t			Brazil
b70fd2e2-bf3e-4cbe-a9f0-5f61b6fb51e5	Brazil SS FC 15/16	t			Brazil
csrc_7d11bddf8db2e72d	Brazil Sul De Minas	t			Brazil
csrc_0a84d7ad205487c5	Colombia Excelso	t			Colombia
csrc_e59e36a550ac6cfe	Colombia Hulia Supremo	t			Colombia
csrc_a62b479c16f3a46f	Colombia Medelin Excelso	t			Colombia
csrc_1619c377f98171c9	Colombia Supremo	t			Colombia
csrc_241e8bed4968e9f0	Colombian Gesha	t			Colombia
csrc_c66f57af57b8205f	Costa Rica Tarrazu	t			Costa Rica
csrc_23753f1ab6d3f9c9	Decaf Brazil (FLAVOR)	t			Brazil
csrc_058f4808fbf5f03e	Decaf Colombia (DECAF BLENDS)	t			Colombia
csrc_167feec140bf4ccc	Decaf Mexico Esmeralda	t			Mexico
csrc_214aa09f8d6df8d9	El Salvador	t			El Salvador
15c8cf88-62f9-4dbf-8d3a-eae6854e1c14	El Salvador Everest	t			
b33fe4ed-308f-4606-92ba-f5adc86284a1	Guatemala	t			
csrc_254a56c3c710f2c2	Guatemala SHB	t			Guatemala
4574235f-7e3a-4bf1-8560-0ce2619e748d	Hawaii Kona No.3	t			
csrc_b95b8329674802f0	Hawaii No.3 (Kona)	t			Kona
csrc_f48911ac42eb8b84	Honduras Calan	t			Honduras
csrc_2c416abfbff80f03	Honduras Comsa	t			Honduras
csrc_548695e94eeac96e	Honduras Copan	t			Honduras
csrc_fec67ce029c1abd0	Honduras Siguatepeque	t			Honduras
csrc_419905aff309b85a	Ka'u #16,17,18,19	t			Ka'u
csrc_b12267adaddfb9fb	Ka'u #18 Semi Washed (Honey)	t			Ka'u
csrc_a110e005da5a37f0	Ka'u #19 Natural	t			Ka'u
csrc_c46a36549e65eff7	Ka'u Honey	t			Ka'u
csrc_22b6cff651892be0	Ka'u Natutal # 18	t			Ka'u
aae70ef1-a9ce-4152-a760-aabeedfd8dba	Kau 18	t			
4cb216bb-e7e2-4d87-bd69-9674ad39d908	Kau 18 Honey	t			
2d7716a7-bbc3-4dff-880c-df2679640626	Kau 19	t			
csrc_e912e88bdc7bb317	Kona #3	t			Kona
csrc_54f520e29c3c78d2	Kona Castaway Estate	t			Kona
csrc_3983ca85110c4fa5	Kona Castaway Reserve	t			Kona
csrc_3ee355aeaa090e0d	Kona Decaf	t			Kona
csrc_cd00fb0683a9171d	Kona Organic	t			Kona
b775e9c4-d9e9-4825-8c48-34901d3162b9	kona Peaberry	f			
csrc_5b2aa7260e08ff80	Kona Peaberry	t			Kona
csrc_e9680b0b3ec3c1b2	Kona Prime	f			Kona
cb3846a6-3119-47f4-b6d7-7fb65fd016a7	Kona prime 16/17	f			
csrc_e2a2740c094d113c	Kona Prime 16/17	t			Kona
csrc_4952616625ead19a	Kona Prime 18/19	t			Kona
csrc_e8146f2795c12d52	Kona Prime Peaberry	t			Kona
107396af-3b99-4c29-bf49-ecd6e8f05678	Mahi Pono h3	t			
csrc_05fece7c03fc47c7	Maui Dec Yellow 14	t			Maui
csrc_a6837a97a66e2a7e	Maui H3	t			Maui
csrc_44109ca9903ae026	Maui Moka 11	t			Maui
csrc_487d98cba93b6956	Maui Moka 14	t			Maui
f47482ad-0c29-41e8-a85d-132cf6a61271	Maui Mokka 11	t			
b41d7af7-e06d-4ca5-87c8-6b3cc480ac40	Maui mokka 14	t			
csrc_0d41704569f55641	Maui Red / Yellow Natural/Wash	t			Maui
csrc_ae0824323728699f	Maui Red 14	t			Maui
csrc_0f87e935cf02c610	Maui Red Catuai Wash	t			Maui
csrc_e9a889b35f8b992e	Maui Red H3	t			Maui
csrc_bc2db9e5c2d4507d	Maui Red Natural 14 (NO LONGER USE)	f			Maui
csrc_4e30e28a5edaac06	Maui Red Natural 16	t			Maui
csrc_8cac746b77fa5e30	Maui Red Peaberry	t			Maui
1386d9fe-da72-4469-8e95-64b170f7dd92	Maui Red Peaberry	t			
cbb0da10-c84a-4256-bcba-6834368bb32d	Maui Red/Yellow Prime	f			
a1b7c502-64c5-4d6e-98a4-9d8745e40e1a	Maui Yellow	t			
csrc_b30633e37f62d514	Maui Yellow 14 Nautral (NO LONGER USE)	f			Maui
csrc_d11df67fcd1d3bd9	Maui Yellow 16	t			Maui
csrc_d793c3dba1f9c7d9	Maui Yellow H3 Natural	t			Maui
csrc_bfd0fd07d8f36e9e	Maui Yellow Peaberry	t			Maui
32eef649-9bb9-404e-b50d-e12dcbfa6691	Maui Yellow Peaberry	t			
csrc_42bc54fd2e84d170	Mexico	t			Mexico
798a628f-d9d0-42ea-ba65-77629775a8d3	Mexico Decaf	t			
64e874d8-6630-4516-9158-9fda9ad4b306	Mexico Organic	f	Organic		
csrc_c8bfd38d18d2a86b	Mexico Veracruz	t			Mexico
csrc_c3d0eb4019e21b9b	Nicaragu a Segovia	t			Nicaragua
csrc_7c9c7f0eca21d029	Nicaragu Olomega Supreme	t			Nicaragua
csrc_0c03c745fe7bc804	Nicaragu Robusta	t			Nicaragua
53b6f685-6a2f-4dcd-b9ad-732aac9fcb12	Nicaragua Olomega	t			
072387f0-483c-424c-8886-b0bdae097094	Nicaragua Robusta	f			
csrc_51dc895c7e973ba2	Organic Colombia	t			Colombia
csrc_e58386e99c4408e6	Organic Honduras Comsa	t			Honduras
csrc_90760e479a2af138	Organic Honduras Copan	t			Honduras
d439446a-6523-4365-b18b-3fc98fb48a57	Organic Kona	t	Organic		
csrc_211af3db661e89ed	Organic Mexico	t			Mexico
csrc_238de45a3dd9940b	Organic Mexico (New Coffee)	f			Mexico
csrc_10b5149aecee5e0d	Organic Nicaragua	t			Nicaragua
csrc_209100c254f6e64d	Organic papa New Guinea	t			Papua New Guinea
39b0d699-07ce-4511-93a1-2d4427c31a4b	Organic Papa New Guinea	t	Organic		
csrc_1483d3f39c6ded9f	Organic Peru	t			Peru
csrc_c8a7362b8bc1d2fc	Organic Peru Selva Andina	t			Peru
csrc_c9f7cf5ed2d057ae	Organic PNG Simbu	t			Papua New Guinea
csrc_b505ba346aadb72d	Organic Timor peaberry	f			Timor
csrc_936ef021d0846852	Organic Timor Peaberry	t			Timor
csrc_27019e3a8b1d2c6a	Papa New Guinea (not peaberry)	t			Papua New Guinea
80794daa-33d9-47f9-9ff5-cee88c3cb10e	Papa New Guinea Peaberry	f			
csrc_d2bed255e650be0e	Papa New Guinea Peaberry	t			Papua New Guinea
csrc_9e22c4ecd79db3bb	PERU FT-FLO/USA ORGANIC CAFE DE MUJER APROCCURMA	t			Peru
csrc_c3692df4e5b76f59	Peru Vida Alta	t			Peru
csrc_b0855e2e4d4a11c5	PNG Peaberry	f			Papua New Guinea
csrc_ce35b4d21f498f12	Sumatra	t			Sumatra
csrc_b39931a7edd8a6e3	Sumatra Takengon & Sulawesi	t			Sumatra
csrc_f9c78ea8c2cdba62	Yemen Mocca	t			Yemen
